id,first_name,last_name,email,phone,address,city,state,zip,date_of_birth
1,Danielle,Johnson,danielle.johnson@yahoo.com,232.318.1960,89083 Robinson Radial,Lisatown,California,21427,1988-12-30
2,Katherine,Peterson,katherine.peterson@gmail.com,651.216.1559,161 Calderon River Suite 931,Lake Jeremyport,Georgia,10959,1998-11-24
3,Michelle,James,michelle.james@yahoo.com,+1-952-855-341,835 Jeremy Bypass Suite 641,New Nancy,New York,41746,1958-05-30
4,Victor,Wilkerson,victor.wilkerson@hotmail.com,724.523.8849x6,710 Eric Estate,Carlsonfurt,Connecticut,50520,1982-07-22
5,Taylor,King,taylor.king@hotmail.com,9182451462,281 Skinner Parkways Apt. 252,New Mariotown,Maryland,15163,2003-07-19
6,Natasha,Decker,natasha.decker@yahoo.com,403.491.1718,248 Brandt Plains Apt. 465,Lammouth,California,16361,1960-08-19
7,Caleb,Smith,caleb.smith@hotmail.com,793.301.0310,7382 Sanchez Mountains,Leeville,Georgia,86875,1972-03-03
8,Rodney,Owens,rodney.owens@hotmail.com,9104651333,47317 Brent Plains Apt. 132,Tuckerborough,California,53066,2001-11-13
9,Franklin,Smith,franklin.smith@yahoo.com,274-768-7234x3,97882 Susan Common,North Brooke,South Carolina,89002,1999-04-23
10,Richard,David,richard.david@hotmail.com,799.609.1699,534 Anderson Rue,Stephenland,Missouri,01721,1973-11-20
11,Yolanda,Ferrell,yolanda.ferrell@gmail.com,+1-638-442-513,498 Elizabeth Plaza Suite 124,North Juliaberg,Massachusetts,36198,1962-10-07
12,Jason,Cooper,jason.cooper@hotmail.com,+1-648-474-016,680 Charles Spurs Apt. 805,South David,Kentucky,40905,1967-12-27
13,Elizabeth,Fitzpatrick,elizabeth.fitzpatrick@gmail.com,(833)215-8692x,563 Moore Squares,South Monicafort,South Carolina,29655,1957-08-03
14,Samantha,Bailey,samantha.bailey@gmail.com,803.765.4145,42940 Candace Key,Samuelhaven,North Carolina,15658,1969-04-13
15,Barbara,Scott,barbara.scott@hotmail.com,(608)883-5615x,4823 Ortega Light Apt. 994,Kelleytown,Iowa,40330,1963-02-02
16,James,Jordan,james.jordan@hotmail.com,+1-757-377-387,433 Andrew Gardens,Carrland,Florida,60193,1971-02-15
17,Crystal,Lee,crystal.lee@hotmail.com,(576)332-0163x,78895 Salazar Stravenue Suite 872,Colebury,Virginia,84080,1962-06-26
18,Daniel,Strickland,daniel.strickland@yahoo.com,+1-434-571-434,231 Russell Plains Suite 603,Priceshire,North Carolina,91664,1946-03-31
19,Charles,Gilmore,charles.gilmore@hotmail.com,(670)854-6688x,65627 Tina Place Apt. 699,North Dawnberg,Massachusetts,61016,1956-06-18
20,Jorge,Murphy,jorge.murphy@yahoo.com,256-246-4170x8,09232 Caldwell Port,South Holly,Utah,48852,1955-08-02
21,Catherine,Adkins,catherine.adkins@gmail.com,001-324-619-04,058 Stanley Cliff,Alexanderchester,Missouri,64752,1951-08-31
22,Susan,Reid,susan.reid@yahoo.com,001-626-728-49,47379 Rogers Park,Hunterborough,Colorado,47008,1995-04-12
23,Matthew,Beard,matthew.beard@hotmail.com,980-983-1367x8,43634 Kennedy Pines,Ronaldside,Oklahoma,43858,1967-03-07
24,Shawn,Parker,shawn.parker@gmail.com,635-618-2337,43524 Jean Crossroad,Brandonton,Ohio,73030,1963-06-03
25,William,Raymond,william.raymond@hotmail.com,001-371-309-47,1902 Lisa Hollow Apt. 318,Obrienbury,Minnesota,68995,1968-12-23
26,Rebekah,Evans,rebekah.evans@hotmail.com,(349)490-9133x,7974 Jesse Squares,Jacquelinemouth,Michigan,09830,1988-04-26
27,Katherine,Bradshaw,katherine.bradshaw@hotmail.com,001-336-218-32,9947 Taylor Hollow,Benderhaven,Oklahoma,71277,1976-02-15
28,Christopher,Williams,christopher.williams@yahoo.com,001-459-940-13,2967 Theodore Lodge Suite 512,Robertfort,North Carolina,38278,1986-10-04
29,Richard,Hodges,richard.hodges@gmail.com,215.545.1680x8,770 Joseph Curve Suite 771,Lake Chelseabury,Oregon,93533,1954-12-29
30,Andrea,Tran,andrea.tran@gmail.com,817.912.7484,78263 Michelle Harbor Suite 584,West Jessicashire,Virginia,76512,2007-12-11
31,Tracy,Hernandez,tracy.hernandez@hotmail.com,855.288.6753x3,766 Tyler Camp Apt. 895,Port Meganville,Minnesota,69438,2002-05-16
32,Alexis,Thomas,alexis.thomas@hotmail.com,(817)745-9615,091 Crystal Heights Apt. 161,South Garrettport,Utah,04295,1947-11-30
33,Laura,Carter,laura.carter@yahoo.com,(923)486-9222x,4740 Santana Springs,North Scott,Florida,45794,2007-03-27
34,Kevin,Hayden,kevin.hayden@hotmail.com,674-636-7136x9,640 Renee Summit,Wallport,Illinois,30663,1983-04-05
35,Michael,Fields,michael.fields@hotmail.com,721-804-7095x2,28588 Rivas Glens,Coffeyport,Georgia,98354,1999-11-06
36,Linda,Mcdonald,linda.mcdonald@gmail.com,(336)985-1604,496 Rodriguez Fort Suite 098,Rosebury,Washington,85390,1948-12-30
37,Madison,Blankenship,madison.blankenship@yahoo.com,+1-861-920-047,869 Nicole Shoal Apt. 796,Antoniostad,Utah,28978,1972-12-12
38,Stephanie,Foley,stephanie.foley@gmail.com,+1-258-750-643,93183 Lisa Fort,Kimtown,Missouri,36843,1999-02-03
39,Duane,Anderson,duane.anderson@yahoo.com,(210)420-5395,26811 West Lake Apt. 783,Lake Kristahaven,New Jersey,40036,1973-11-14
40,William,Maynard,william.maynard@gmail.com,666.717.7115x9,847 Garcia Squares Apt. 836,Beasleychester,Georgia,44925,1997-02-20
41,Christopher,Ross,christopher.ross@hotmail.com,356-354-5271,1528 Brenda Points,Elizabethchester,Washington,46847,2000-01-19
42,Shelley,Henderson,shelley.henderson@hotmail.com,4499451983,58514 Lindsay Vista,New Sarahview,Ohio,04295,1956-05-19
43,Joseph,Park,joseph.park@yahoo.com,850-922-9612x0,54599 Nicole Drives Apt. 901,Scottchester,Connecticut,64157,1983-04-05
44,Jennifer,Perry,jennifer.perry@gmail.com,001-281-256-14,3244 Wilson Parks,Thompsonfurt,Colorado,70307,1989-05-06
45,Vincent,Whitaker,vincent.whitaker@yahoo.com,860-860-7159,1605 Laurie River Suite 516,East Ryanfurt,Connecticut,69177,1949-12-20
46,Jonathan,Harrell,jonathan.harrell@hotmail.com,335-421-8188x3,29212 Marshall Port Suite 995,Edwardland,Pennsylvania,61963,1972-11-15
47,Kevin,Hill,kevin.hill@gmail.com,(881)947-7005x,9359 Mason Circle,Garciamouth,Georgia,94127,1950-04-30
48,Anthony,Lucas,anthony.lucas@gmail.com,677.888.9255,9051 Davis Springs Suite 449,West Christopher,North Carolina,87481,1953-12-04
49,Benjamin,Bailey,benjamin.bailey@hotmail.com,001-862-791-48,4235 Lee Dam,North Kenneth,Connecticut,13757,1976-12-30
50,Amber,Rodgers,amber.rodgers@hotmail.com,4599296222,5379 Goodwin Tunnel,Youngbury,Virginia,41063,2005-11-05
51,Kristen,Mckee,kristen.mckee@gmail.com,(497)674-6886x,758 Jennifer Path,West Christopherburgh,Pennsylvania,36256,1973-04-27
52,William,Guerra,william.guerra@gmail.com,575.806.0685,3051 Moody Dam,West Samanthafort,Florida,91736,1997-05-16
53,James,Blake,james.blake@yahoo.com,390.610.4328x9,1036 Brown Villages,Carlsontown,Pennsylvania,83332,1977-06-25
54,John,Thomas,john.thomas@yahoo.com,7953396218,7065 Burgess Knolls,West Johnville,Kentucky,76772,1991-05-01
55,Marvin,Williams,marvin.williams@hotmail.com,727-672-2170x4,740 Justin Wall Apt. 541,Samuelfurt,Wisconsin,97927,1972-09-19
56,Stephanie,Morgan,stephanie.morgan@gmail.com,775.384.1616x9,4479 Jackson Mills,Sergiostad,Washington,81090,2007-11-24
57,Joshua,Whitney,joshua.whitney@gmail.com,265-482-0297,55690 Erika Land,Scottland,Massachusetts,75726,1953-09-09
58,Michael,Edwards,michael.edwards@yahoo.com,610.627.8681,94731 Melissa Mission Apt. 715,Jennaside,Missouri,71564,1963-04-23
59,Robert,Evans,robert.evans@gmail.com,001-725-983-13,114 Key Stravenue,Foxchester,Minnesota,75854,1949-08-30
60,Andrew,Compton,andrew.compton@hotmail.com,477-885-2892,82422 Donovan Fork,Staceyhaven,Connecticut,37731,1998-04-22
61,John,Reid,john.reid@hotmail.com,724-298-1829x9,09439 Montgomery Burgs,Smallside,North Carolina,38468,1985-06-15
62,Christopher,Turner,christopher.turner@gmail.com,+1-464-771-027,562 Robertson Coves Suite 371,Shannonberg,New York,13190,1948-03-15
63,Sonia,Lin,sonia.lin@yahoo.com,925.995.3278,0168 Levy Forge Suite 004,Harperfort,Illinois,37954,1978-10-29
64,Melanie,Jordan,melanie.jordan@yahoo.com,001-356-850-60,499 David Court Suite 558,Kariborough,Iowa,79467,1977-02-01
65,Charles,Porter,charles.porter@gmail.com,4257787298,69495 Erickson Hills Suite 055,South Brandytown,North Carolina,78739,1974-11-30
66,Elizabeth,Coffey,elizabeth.coffey@hotmail.com,001-430-597-28,130 Edwards Drive,Vaughnchester,Indiana,66275,1993-11-02
67,Matthew,Knapp,matthew.knapp@hotmail.com,001-702-783-85,733 Grant Fork Suite 437,Timothyside,Michigan,95090,1962-03-30
68,Edward,Martinez,edward.martinez@hotmail.com,+1-766-952-404,733 Fitzpatrick Square Suite 219,East Brent,Wisconsin,70105,1959-03-26
69,Jesse,Garcia,jesse.garcia@yahoo.com,001-771-620-82,93802 Khan Fall,Port Randyfort,Virginia,24921,2004-01-08
70,Anthony,Hayden,anthony.hayden@yahoo.com,9044991547,3152 Wong Stravenue Apt. 054,East Cheryl,Iowa,84220,2001-07-11
71,Edward,Wilcox,edward.wilcox@hotmail.com,616-712-2753x0,904 Schwartz Circle Apt. 742,Parksport,Utah,90978,1952-05-30
72,Sabrina,Phillips,sabrina.phillips@hotmail.com,932.572.7956,918 Rice Lake,New Danielside,New Jersey,66756,1957-10-01
73,Amanda,Martin,amanda.martin@hotmail.com,813.997.1870x7,740 Scott Alley,New Charles,New York,56035,1966-09-20
74,Patricia,Brown,patricia.brown@gmail.com,870-946-2265,1825 Gregory Plain Suite 823,Port Andrewport,Georgia,61187,1987-06-12
75,Amy,Patel,amy.patel@gmail.com,275.524.3106,19079 John Cape,Gonzalesside,Connecticut,28978,1992-07-16
76,Kimberly,Taylor,kimberly.taylor@yahoo.com,595.899.5342,0892 Peters Causeway Suite 685,Russellport,Florida,49844,1956-08-07
77,Amanda,Allen,amanda.allen@gmail.com,527-708-6688x2,5183 Joseph Spring,Port Charlesshire,Tennessee,95437,1987-04-26
78,Anthony,Robinson,anthony.robinson@gmail.com,640-833-1739x3,544 Hunt Parks Suite 175,West Lawrence,Louisiana,06493,1980-06-14
79,Jeffrey,Thomas,jeffrey.thomas@yahoo.com,+1-899-564-235,547 Murray Street Suite 228,Whiteside,Minnesota,84624,2005-04-27
80,Alexandria,Combs,alexandria.combs@gmail.com,+1-900-962-312,88600 Nichols Heights,New Lisachester,Missouri,23997,1951-10-04
