id,first_name,last_name,email,phone,address,city,state,zip,date_of_birth
1,Richard,Hodges,hodges.richard@mail.com,215.545.1680x8,770 Joseph Curve Suite 771,Lake Chelseabury,Oregon,93533,1954-12-29
2,Robert,Valdez,robert.valdez@hotmail.com,001-841-233-99,00436 Nelson Drives,West Kelly,Massachusetts,19778,1967-12-02
3,Ed,Martinz,edward.martinez@hotmail.com,176 695 2404,733 Fitzpatrick Square Suite 219,East Brent,WI,70105,1959-03-26
4,Kristina,Lucas,kristina.lucas@gmail.com,4597137686,5482 Schmidt Way Suite 035,Port Nicolestad,Minnesota,22438,1983-09-01
5,Jennifer,Black,jennifer.black@yahoo.com,268-845-7893x2,9360 Ryan Ways,South Samuelchester,Wisconsin,44745,1979-11-13
6,Jessica,Rivera,jessica.rivera@gmail.com,371.324.1586x7,251 Mills Island,Carlaberg,Illinois,98759,1954-01-17
7,Katherine,Nunez,katherine.nunez@gmail.com,001-821-859-67,6035 Edwards Freeway,Lake Lisafort,Illinois,48147,2005-03-12
8,Michael,Edwards,medwards@hotmail.com,610.627.8681,94731 Melissa Mission Apt. 715,Jennaside,Missouri,71564,1963-04-23
9,Brandi,Wright,brandi.wright@yahoo.com,+1-461-697-284,9576 Patel Burgs Suite 285,Philipport,Colorado,36847,1995-10-16
10,Richard,Ward,richard.ward@yahoo.com,456.243.8912,2971 Morgan Harbors Apt. 464,Armstrongburgh,Indiana,68628,1957-07-27
11,Alexandra,Walter,alexandra.walter@yahoo.com,269.315.8043x7,91308 Melinda Path,East Chrisberg,Kentucky,30665,1975-12-23
12,Anthony,Pierce,anthony.pierce@gmail.com,(652)248-7041x,0331 Keith Haven,East Kimberly,Minnesota,48067,1967-10-29
13,Anthony,Hayden,anthony.hayden@yahoo.com,904 499 1547,3152 Wong Stravenue Apt. 054,East Cheryl,Iowa,84220,2001-07-11
14,Christine,Roberts,christine.roberts@gmail.com,+1-298-950-512,658 Edward Bypass,East Travis,Alabama,45965,1952-11-13
15,John,Reid,john.reid@hotmail.com,724-298-1829x9,09439 Montgomery Burgs,Smallside,North Carolina,38468,1985-06-15
16,Joseph,White,joseph.white@yahoo.com,(979)576-3470,91887 Erik Course Apt. 596,Valeriefurt,Tennessee,54486,1994-09-23
17,Billy,Guerra,guerra.billy@mail.com,575 806 0685,3051 Moody Dam,West Samanthafort,FL,97136,1997-05-16
18,Ant,Lucas,antlucas@gmail.com,677.888.9255,9051 Davis Springs Suite 449,West Christopher,NC,87481,1953-12-04
19,Adam,Wiggins,adam.wiggins@hotmail.com,001-319-451-51,8962 Taylor Ramp,Josephview,New Jersey,64832,1962-07-02
20,Michael,Perez,michael.perez@gmail.com,942.373.4346,66075 Laura Rest,South Sherrybury,Ohio,91586,1975-06-19
21,Richard,Reyes,richard.reyes@yahoo.com,668.659.5956,550 Adams Ville,North Randallmouth,Missouri,72617,1974-07-14
22,Linda,Mcdonald,linda.mcdonald@gmail.com,(336)985-1604,496 Rodriguez Fort Suite 098,Rodebury,Washington,85390,1948-12-30
23,Angela,Huber,angela.huber@yahoo.com,335-883-0140x0,63994 Gwendolyn Mills,Burgessfurt,Washington,08175,1968-07-11
24,Gabriela,Clarke,gabriela.clarke@hotmail.com,7575159614,08964 Lindsey Point Suite 216,South Cameron,Iowa,53919,1973-12-29
25,Kevin,Haydrn,haydrn.kevin@yahoo.com,674-636-7136x9,640 Renee Summit,Wallport,Illinois,30663,1983-04-05
26,Carolyn,Marshall,carolyn.marshall@hotmail.com,(949)657-8019x,706 Trevino Dale,Roblesbury,Arizona,33395,1988-04-28
27,Ana,Martin,ana.martin@hotmail.com,+1-655-308-705,32980 Katherine Row Apt. 365,East Jasmineberg,Florida,25186,1948-12-19
28,Victor,iWlkerson,victor.wilkerson@hotmail.com,724.523.8849x6,710 Eric Estate,Carlsonfurt,Connecticut,50520,1982-07-22
29,Susan,Price,susan.price@yahoo.com,+1-537-237-770,852 Jason Streets,Robinsontown,Alabama,34467,1974-09-22
30,Christopher,Williams,christopher.williams@yahoo.com,001-459-940-13,2967 Theodore Lodge Suite 512,Robetfort,North Carolina,38278,1986-10-04
31,James,Moreno,james.moreno@hotmail.com,001-487-415-36,71341 Jeffrey Rapid Apt. 599,Johnsonchester,Texas,01518,1945-01-15
32,Jacob,Martinez,jacob.martinez@gmail.com,776-932-4371,793 Anita Spring,New Michelleton,North Carolina,18759,1992-02-05
33,Alexandria,Combs,alexandria.combs@gmail.com,190.096.2312,88600 Nichols Heights,NewL isachester,Missouri,23997,1951-10-04
34,Patricia,Nash,patricia.nash@yahoo.com,599.820.6873x5,82280 Wesley Stravenue Suite 815,East Rebekahburgh,Arizona,44172,2000-08-05
35,Taylor,King,taylor.king@hotmail.com,9182451462,281 Skinner Parkways Apt. 252,New Mariotown,Maryland,15163,2003-07-19
36,Joel,Snyder,joel.snyder@gmail.com,427.808.3596x8,78941 Russell Unions Apt. 766,New Angela,Tennessee,72725,1997-08-27
37,Douglas,Smith,douglas.smith@yahoo.com,001-640-781-72,1824 Michael Underpass Apt. 061,Jamesfurt,New York,53258,1978-02-18
38,Alyssa,Howard,alyssa.howard@hotmail.com,001-969-238-69,71353 Ashley Union Suite 467,Williamburgh,Connecticut,85126,1970-08-16
39,Troy,Blake,troy.blake@hotmail.com,7434911349,5534 James Port Suite 521,Lake Philipshire,Texas,30605,1956-05-16
40,Mark,Gonzales,mark.gonzales@hotmail.com,(523)952-7065x,59354 Matthew Villages,South Tyler,Massachusetts,71509,1967-04-17
41,Peter,Lee,peter.lee@hotmail.com,001-867-732-63,24953 Henson Rest Suite 462,Dominguezhaven,North Carolina,23107,1974-08-17
42,Sydney,Smith,sydney.smith@yahoo.com,(797)636-0450,3011 Williams Camp Suite 382,East Kerri,Alabama,50519,1986-06-11
43,Lisa,Miranda,lisa.miranda@yahoo.com,001-270-963-75,512 Bowers Terrace Suite 211,Mejiamouth,Arizona,97909,2003-12-01
44,Christopher,Ross,christopher.ross@hotmail.com,356 354 5271,1528 Brenda Points,Elizabethchester,Washington,46847,2000-01-19
45,Jason,Davis,jason.davis@yahoo.com,537.416.1059,73430 Karen Square,Lyonsfurt,Kentucky,51258,1953-11-26
46,Anthony,Grimes,anthony.grimes@hotmail.com,641-790-4035,24772 Robertson Spur,Danielleborough,New York,78131,1989-03-18
47,James,Jordan,james.jordan@hotmail.com,+1-757-377-387,433 Andrew Gardens,Carrland,Florida,06193,1971-02-15
48,Elizabeth,Norton,elizabeth.norton@hotmail.com,+1-325-627-145,65544 Harmon Stravenue,Kimmouth,Washington,65982,1947-05-15
49,Jake,Perry,jake.perry@hotmail.com,597.207.8470x9,2286 Bean Lock Apt. 318,Hobbsmouth,California,22564,1957-04-29
50,James,Reynolds,james.reynolds@gmail.com,(932)592-1293x,0114 Conrad Neck Suite 335,Williamland,Georgia,55036,2005-09-16
51,Samuel,Beltran,samuel.beltran@yahoo.com,3952655534,0661 Alicia Key Apt. 445,Debraside,Washington,87687,1981-11-27
52,Samantha,Obrien,samantha.obrien@hotmail.com,780-922-5805x0,21952 Samuel Mission,North Tracyville,Utah,40021,1972-09-25
53,Kurt,Haney,kurt.haney@gmail.com,001-213-697-44,206 William Hollow Apt. 364,Janetmouth,Utah,75809,1983-06-19
54,Anne,Warner,anne.warner@hotmail.com,934-961-2148x3,388 Ochoa Falls,Lunaville,Indiana,53328,1948-03-09
55,Matthew,Jones,matthew.jones@yahoo.com,(569)595-4194,267 John Fields Suite 896,Robertborough,Arizona,92955,1986-08-07
56,Joshua,Whitney,joshua.whitney@outlook.com,(265) 482-0297,55690 Erika Land,Scottland,Massachusetts,75726,1953-09-09
57,Jennifer,Norman,jennifer.norman@yahoo.com,+1-993-386-446,5710 Joseph Throughway,East Martinview,New York,79856,1996-06-20
58,Dylan,Hess,dylan.hess@yahoo.com,+1-878-692-182,62520 Bailey Trafficway Apt. 028,Melissachester,Minnesota,38664,1995-05-15
59,Jeffrey,Aguirre,jeffrey.aguirre@yahoo.com,+1-653-465-058,823 Jason Stream Apt. 670,Timothymouth,Indiana,18908,1948-12-06
60,Barbara,Scott,barbara.scott@hotmail.com,608.883.5615,4823 Ortega Light Apt. 994,Kelleytown,Iowa,40330,1963-02-02
61,Kristen,Lee,kristen.lee@yahoo.com,363-200-3118x5,8880 Robinson Place,Taylorport,North Carolina,65282,1980-02-10
62,Michelle,James,james.michelle@gmail.com,+1-952-855-341,835 Jeremy Bypass Suite 641,New Nancy,New York,41746,1958-05-30
63,Kevin,Cox,kevin.cox@yahoo.com,(987)252-5378,70881 Williams Road,South Mary,Maryland,68391,2007-11-01
64,Katherine,Armstrong,katherine.armstrong@gmail.com,247-519-7714x5,03084 Victoria Square,Justinshire,Maryland,75855,1993-10-16
65,David,Powell,david.powell@yahoo.com,+1-958-797-713,9579 Guerrero Ridge Suite 166,East Jose,Minnesota,57077,1989-01-21
66,Charles,Welch,charles.welch@yahoo.com,243.785.3012x4,71517 Amber Trail,Marshalltown,Missouri,61822,1977-02-26
67,Robert,Garcia,robert.garcia@yahoo.com,+1-472-263-862,03027 Duane Rest Apt. 239,Lauraport,Indiana,62169,1961-08-31
68,Susan,Reid,susan.reid@yahoo.com,001-626-728-49,47379 Rogers Park,Huntrrborough,Colorado,47008,1995-04-12
69,Nancy,Cline,nancy.cline@gmail.com,911.870.1579,526 Ricardo Knolls Suite 877,East Veronicastad,Kentucky,94175,1970-06-08
70,Amy,Patel,amy_patel@hotmail.com,275.524.3106,19079 John Cape,Gonzaesside,CT,28978,1992-07-16
71,Matthew,Knpp,knpp.matthew@mail.com,001-702-783-85,733 Grant Fork Suite 437,Timothyside,Michigan,95090,1962-03-30
72,Sara,Rush,sara.rush@hotmail.com,001-570-810-26,3096 Hines Port,New Amber,Georgia,87810,1984-05-07
73,Katherine,Baird,katherine.baird@yahoo.com,(973)885-4186x,2748 Gregory Overpass,Matthewville,Virginia,50577,1955-09-27
74,Amber,Wilson,amber.wilson@hotmail.com,(616)254-8687x,2174 Christopher Plains Suite 153,Juliemouth,South Carolina,56323,1973-08-19
75,Amanda,Allen,amanda.allen@gmail.com,527-708-6688x2,5183 Joseph Spring,Port Charlesshire,Tennessee,95437,1987-04-26
76,Jacob,Carson,jacob.carson@hotmail.com,941-991-2114x1,3333 Devin Isle,Carolynport,Virginia,77117,2002-10-28
77,Billy,Maynard,bmaynard@mail.com,666.717.7115x9,847 Garcia Squares Apt. 836,Beasleychester,Georgia,49425,1997-02-20
78,Peter,Osborne,peter.osborne@hotmail.com,001-712-566-23,7232 Walker Canyon Apt. 697,East Yvonnefurt,Iowa,18153,1945-12-04
79,Jon,Harrell,jon.harrell@hotmail.com,335-421-8188x3,29212 Marshall Port Suite 995,Edwardland,Pennsylvania,61963,1972-11-15
80,Jacob,Grant,jacob.grant@yahoo.com,653.785.8074,66240 Morris Hill,Tonyamouth,Massachusetts,73362,1978-11-06
81,Ricky,Torres,ricky.torres@yahoo.com,(600)386-3994x,2375 Robert Union,Muellertown,Missouri,05060,1965-05-17
82,Franklin,Smith,franklin.smith@yahoo.com,274-768-7234x3,97882 Susan Common,North Brooke,South Carolina,89002,1999-04-23
83,Edward,Hill,edward.hill@hotmail.com,575.617.1034,59475 David Knolls,Hughesshire,Illinois,15457,1991-08-20
84,Anita,Bauer,anita.bauer@hotmail.com,(934)319-0574x,5070 Harris Crossing Apt. 320,Lake Edward,Alabama,32237,1981-09-03
85,Michael,Cross,michael.cross@yahoo.com,001-548-572-10,07808 Lisa Isle,Lorettastad,Minnesota,30002,1976-07-24
86,Grant,Pratt,grant.pratt@hotmail.com,2442560658,634 Sutton Freeway,Courtneyfurt,Louisiana,87117,1946-04-17
87,Richard,Valdez,richard.valdez@hotmail.com,471-279-9144x6,437 John Harbor Suite 756,West Susanton,Utah,06143,1965-05-06
88,Ryan,Watkins,ryan.watkins@yahoo.com,(426)676-4132x,5748 David Square,Susanland,Missouri,99048,1967-12-26
89,Charlene,Leonard,charlene.leonard@yahoo.com,001-471-648-80,46426 Briana Bypass,Jesusview,Tennessee,53366,1959-11-12
90,Stephanie,Foley,stephaniefoley@outlook.com,+1-258-750-643,93183 Lisa Fort,Kimtown,MO,63843,1999-02-03
91,Robert,Eans,robert.evans@gmail.com,001-725-983-13,114 Key Stravenue,Foxchester,Minnesota,75854,1949-08-30
92,Rebekah,Evsns,rebekah_evsns@mail.com,349-490-9133,7974 Jesse Squares,Jacqueinemouth,Michigan,09830,1988-04-26
93,Katherine,Peterson,katherinepeterson@yahoo.com,(651) 216-1559,161 Calderon River Suite 931,Lake Jeremyport,Georgia,10959,1998-11-24
94,Alexis,Thomas,alexis.thomas@hotmail.com,(817)745-9615,091 Crystal Heights Apt. 161,South Garettport,UT,04295,1947-11-30
95,Victoria,Stokes,victoria.stokes@gmail.com,6354896364,16057 Marvin Street,Davisstad,Missouri,89668,1979-09-20
96,Steven,Keller,steven.keller@yahoo.com,417.569.9605,05312 Kelly Center Suite 363,Jonathanbury,Michigan,55140,2005-06-09
97,Marvin,Williams,marvin.williams@hotmail.com,727-672-2170x4,740 Justin Wall Apt. 541,Samuelfurt,Wisconsin,97927,1972-09-19
98,Cameron,Smith,cameron.smith@hotmail.com,720.338.2153x4,779 Jamie Port,Perryside,Missouri,58597,1945-10-27
99,Danielle,Johnson,danielle.johnson@yahoo.com,232.318.1960,89083 Robinson Radial,Lisatown,California,21427,1988-12-30
100,Debbie,King,debbie.king@hotmail.com,969.712.4710x6,354 Sean Points,North Monica,Massachusetts,77828,1980-03-13
